Date,Pageviews
2024-01-14,36
2024-01-15,49
2024-01-16,71
2024-01-17,50
2024-01-18,54
2024-01-19,82
2024-01-20,29
2024-01-21,31
2024-01-22,70
2024-01-23,64
2024-01-24,76
2024-01-25,63
2024-01-26,76
2024-01-27,39
2024-01-28,31
2024-01-29,86
2024-01-30,80
2024-01-31,67
2024-02-01,57
2024-02-02,51
2024-02-03,30
2024-02-04,34
2024-02-05,67
2024-02-06,53
2024-02-07,30
2024-02-08,52
2024-02-09,48
2024-02-10,32
2024-02-11,25
2024-02-12,45
2024-02-13,57
2024-02-14,49
2024-02-15,54
2024-02-16,51
2024-02-17,37
2024-02-18,36
2024-02-19,60
2024-02-20,65
2024-02-21,48
2024-02-22,70
2024-02-23,36
2024-02-24,23
2024-02-25,32
2024-02-26,55
2024-02-27,71
2024-02-28,62
2024-02-29,62
2024-03-01,57
2024-03-02,34
2024-03-03,50
2024-03-04,68
2024-03-05,81
2024-03-06,69
2024-03-07,57
2024-03-08,65
2024-03-09,30
2024-03-10,35
2024-03-11,47
2024-03-12,53
2024-03-13,63
